assetcode;title;offdaystradingpricerangeshift;offdaystradingrangecs
1MFR;Фьючерсный контракт на ставку RUSFAR;0.0075;1.8
AED;на курс дирхам ОАЭ – российский рубль;0.03;1.8
AFKS;Фьючерсный контракт на обыкновенные акции ПАО «АФК «Система»;0.03;1.8
AFLT;"Фьючерсный контракт на  обыкновенные акции ПАО ""Аэрофлот""";0.03;1.8
AFRICA;Фьючерсный контракт на акции инвестиционного фонда MSCI South Africa ETF;0.03;1.8
AI92;Фьючерсный контракт на бензин АИ-92;0.03;1.8
AI95;Фьючерсный контракт на бензин АИ-95;0.03;1.8
ALIBABA;Фьючерсный контракт на АДР на акции Алибаба Груп Холдинг Лимитед;0.03;1.8
ALRS;"Фьючерсный контракт на обыкновенные акции АК ""АЛРОСА"" (ПАО)";0.03;1.8
ALUM;Фьючерсный контракт на алюминий;0.03;1.8
AMD;на курс армянский драм – российский рубль;0.03;1.8
ARGT;Фьючерсный контракт на акции инвестиционного фонда MSCI Argentina ETF;0.03;1.8
ASML;Фьючерсный контракт на расч. значение равное 0,1 стоимости ДР на акции ASML;0.07;1.8
ASTR;Фьючерсный контракт на обыкновенные акции ПАО Группа Астра;0.03;1.8
AUDU;на курс австралийский доллар – доллар США;0.03;1.8
BAIDU;Фьючерсный контракт на АДР на акции Байду Инк.;0.03;1.8
BANE;"Фьючерсный контракт на обыкновенные акции ПАО АНК ""Башнефть""";0.03;1.8
BELUGA;"Фьючерсный контракт на обыкновенные акции ПАО ""НоваБев Групп""";0.03;1.8
BR;Фьючерсный контракт на нефть Брэнт;1.0;1.8
BRAZIL;Фьючерсный контракт на акции инвестиционного фонда MSCI Brazil ETF;0.03;1.8
BRM;Фьючерсный контракт на нефть Брэнт (мини);1.0;1.8
BSPB;"Фьючерсный контракт на обыкновенные акции ПАО ""Банк ""Санкт-Петербург""";0.03;1.8
BTC;Фьючерсный контракт на Индекс МосБиржи Биткоина;0.125;1.8
BYN;на курс белорусский рубль - российский рубль;0.03;1.8
CBOM;"Фьючерсный контракт на обыкновенные акции ПАО ""МОСКОВСКИЙ КРЕДИТНЫЙ БАНК""";0.03;1.8
CHINA;Фьючерсный контракт на акции инвестиционного фонда MSCI China ETF;0.03;1.8
CHMF;"Фьючерсный контракт на обыкновенные акции ПАО ""Северсталь""";0.03;1.8
CHMFM;Фьючерсный контракт на обыкновенные акции ПАО «Северсталь» (мини);0.03;1.8
CNI;Фьючерсный контракт на Индекс Потребительского сектора;0.03;1.8
CNY;на курс китайский юань – российский рубль;0.03;1.8
CNYRUBTOM;на курс китайский юань - российский рубль;0.03;1.8
COCOA;Фьючерсный контракт на какао;0.05;2.1
COFFEE;Фьючерсный контракт на кофе;0.03;1.8
COPPER;Фьючерсный контракт на медь;1.0;1.8
DAX;Фьючерсный контракт на инвестиционные паи Дакс ETF;0.04;1.8
DIAS;"Фьючерсный контракт на обыкновенные акции ПАО ""Диасофт""";0.03;1.8
DJ30;Фьючерсный контракт на инвестиционные паи DJ Industrial Average ETF Trust;0.03;1.8
DOMRF;Фьючерсный контракт на обыкновенные акции ПАО ДОМ.РФ;0.03;1.8
DTL;Фьючерсный контракт на дизель летний;0.03;1.8
ECAD;на курс евро-канадский доллар;0.03;1.8
ED;на курс евро-доллар США;0.03;1.8
EGBP;на курс евро– фунт стерлингов;0.03;1.8
EJPY;на курс евро-японская йена;0.03;1.8
EM;Фьючерсный контракт на акции инв. фонда iShares MSCI Emerging Markets ETF;0.03;1.8
ENPG;Фьючерсный контракт на обыкновенные акции МКПАО ЭН+ ГРУП ао;0.03;1.8
ETH;Фьючерсный контракт на Индекс МосБиржи Эфириума;0.175;1.8
ETHA;Фьючерсный контракт на акции инвестиционного фонда ETHA Trust ETF;0.175;1.8
Eu;на курс евро-российский рубль;0.03;1.8
EURM;на курс евро – российский рубль мини;0.03;1.8
EURRUBTOM;на курс евро - российский рубль;0.03;1.8
FEES;"Фьючерсный контракт на об.акции ПАО ""Федеральная сетевая компания-Россети""";0.03;1.8
FESH;"Фьючерсный контракт на обыкновенные акции ПАО ""ДВМП""";0.03;1.8
FLOT;Фьючерсный контракт на обыкновенные акции ПАО “Совкомфлот”;0.03;1.8
FNI;Фьючерсный контракт на Индекс Финансов;0.03;1.8
GAZPF;Однодневный фьючерсный контракт с автопр. на обыкн. акции ПАО «Газпром»;0.03;1.8
GAZR;"Фьючерсный контракт на обыкновенные акции ПАО ""Газпром""";0.03;1.8
GBPU;на курс фунт стерлингов – доллар США;0.03;1.8
GL;Расчетный фьючерсный контракт на золото;0.04;1.8
GLDRUBTOM;Однодневный фьючерсный контракт с автопролонгацией на золото;0.04;1.8
GMKN;"Фьючерсный контракт на обыкновенные акции ПАО ""ГМК ""Норильский никель""";0.03;1.8
GOLD;Фьючерсный контракт на аффинированное золото в слитках;1.0;1.8
GOLDM;Фьючерсный контракт на золото (мини);1.0;1.8
HANG;Фьючерсный контракт на акции инвест. фонда Tracker Fund of Hong Kong ETF;0.04;1.8
HEAD;Фьючерсный контракт на обыкновенные акции МКПАО «Хэдхантер»;0.03;1.8
HKD;на курс Гонконгский доллар - российский рубль;0.03;1.8
HOME;Фьючерсный контракт на Индекс московской недвижимости Домклик;0.03;1.8
HYDR;"Фьючерсный контракт на обыкновенные акции ПАО ""РусГидро""";0.03;1.8
Hynix;Фьючерсный контракт на расчетное значение, равное 0,1 стоимости акции SK Hynix;0.06;1.8
IBIT;Фьючерсный контракт на акции инвестиционного фонда IBIT Trust ETF;0.125;1.8
IMOEX;Однодневный фьючерсный контракт с автопролонгацией на Индекс МосБиржи;0.03;1.8
IMX;Индекс МосБиржи;0.03;1.8
INDIA;Фьючерсный контракт на акции инвестиционного фонда MSCI India UCITS ETF;0.03;1.8
INR;на курс индийская рупия – российский рубль;0.03;1.8
IPO;Фьючерсный контракт на Индекс МосБиржи IPO;0.03;1.8
IRAO;Фьючерсный контракт на обыкновенные акции ПАО «Интер РАО ЕЭС»;0.03;1.8
ISKJ;"Фьючерсный контракт на обыкновенные акции ПАО ""Артген""";0.03;1.8
IVAT;"Фьючерсный контракт на обыкновенные акции ПАО ""ИВА"" ао";0.03;1.8
JDCOM;Фьючерсный контракт на АДР на акции Джей Ди Ком;0.08;1.8
KMAZ;"Фьючерсный контракт на обыкновенные акции ПАО ""КАМАЗ""";0.03;1.8
KOREA;на акции инвестиционного фонда MSCI South Korea ETF;0.04;1.8
KZT;на курс казахстанский тенге – российский рубль;0.03;1.8
LEAS;"Фьючерсный контракт на обыкновенные акции ПАО ""ЛК ""Европлан""";0.03;1.8
LENT;"Фьючерсный контракт  на обыкновенные акции МКПАО ""Лента""";0.03;1.8
LKOH;"Фьючерсный контракт на обыкновенные акции ПАО ""НК ""ЛУКОЙЛ""";0.03;1.8
MAGN;"Фьючерсный контракт на обыкновенные акции ПАО ""ММК""";0.03;1.8
MDMG;Фьючерсный контракт на обыкновенные акции МКПАО «МД Медикал Груп»;0.03;1.8
MGNT;"Фьючерсный контракт на обыкновенные акции ПАО ""Магнит""";0.03;1.8
MIX;Фьючерсный контракт на Индекс МосБиржи;0.03;1.8
MMI;Фьючерсный контракт на Индекс Металлов и добычи;0.03;1.8
MOEX;Фьючерсный контракт на обыкновенные акции ПАО Московская Биржа;0.03;1.8
MOEXCNY;Фьючерсный контракт на Индекс МосБиржи в юанях;0.03;1.8
MSNG;"Фьючерсный контракт на обыкновенные акции ПАО ""Мосэнерго""";0.03;1.8
MTLR;"Фьючерсный контракт на обыкновенные акции ПАО ""Мечел""";0.03;1.8
MTSI;"Фьючерсный контракт на обыкновенные акции ПАО ""МТС""";0.03;1.8
MVID;"Фьючерсный контракт на обыкновенные акции ПАО ""М.видео""";0.03;1.8
MXI;Фьючерсный контракт на Индекс МосБиржи (мини);0.03;1.8
NASD;Фьючерсный контракт на инвестиционные паи QQQ ETF Trust;1.0;1.8
NG;Фьючерсный контракт на природный газ Генри Хаб;1.0;1.8
NGM;Фьючерсный контракт на природный газ Генри Хаб (микро);1.0;1.8
NICKEL;Фьючерсный контракт на никель;0.05;1.8
NIKK;Фьючерсный контракт на акции инвестиционного фонда Nikkei 225 ETF;0.05;1.8
NLMK;"Фьючерсный контракт на обыкновенные акции ПАО ""НЛМК""";0.03;1.8
NOTK;"Фьючерсный контракт на обыкновенные акции ПАО ""НОВАТЭК""";0.03;1.8
NOTKM;"Фьючерсный контракт на обыкновенные акции ПАО ""НОВАТЭК"" (мини)";0.03;1.8
NOVARTIS;Фьючерсный контракт на АДР на акции Новартис АГ;0.04;1.8
OGI;Фьючерсный контракт на Индекс Нефти и газа;0.03;1.8
ORANGE;Фьючерсный контракт на апельсиновый сок;0.05;1.8
OZON;"Фьючерсный контракт на обыкновенные акции МКПАО ""ОЗОН""";0.03;1.8
PDD;Фьючерсный контракт на АДР на акции PDD Holdings Inc;0.15;1.8
PHOR;"Фьючерсный контракт на обыкновенные акции ПАО ""ФосАгро""";0.03;1.8
PIKK;"Фьючерсный контракт на обыкновенные акции ПАО ""ПИК СЗ""";0.03;1.8
PLD;Фьючерсный контракт на аффинированный палладий в слитках;1.0;1.8
PLDM;Фьючерсный контракт на палладий (мини);1.0;1.8
PLT;Фьючерсный контракт на аффинированную платину в слитках;1.0;1.8
PLTM;Фьючерсный контракт на платину (мини);1.0;1.8
PLZL;"Фьючерсный контракт на обыкновенные акции ПАО ""Полюс""";0.03;1.8
PLZLM;"Фьючерсный контракт на обыкновенные акции ПАО ""Полюс"" (мини)";0.03;1.8
POSI;"Фьючерсный контракт на обыкновенные акции ПАО ""Группа Позитив""";0.03;1.8
R2000;Фьючерсный контракт на акции инвестиционного фонда Russell 2000 ETF;0.03;1.8
RASP;"Фьючерсный контракт на обыкновенные акции ПАО ""Распадская""";0.03;1.8
RENI;Фьючерсный контракт на обыкн. акции ПАО «Группа Ренессанс Страхование»;0.03;1.8
RGBI;Фьючерсный контракт на Индекс RGBI;0.03;1.8
RGBIF;Однодневный фьюч. контракт с автопрол. на Индекс МосБиржи гос. обл. RGBILP;0.03;1.8
RNFT;"Фьючерсный контракт на обыкновенные акции ПАО НК ""РуссНефть""";0.03;1.8
ROSN;"Фьючерсный контракт на обыкновенные акции ПАО ""НК ""Роснефть""";0.03;1.8
RTKM;"Фьючерсный контракт на обыкновенные акции ПАО ""Ростелеком""";0.03;1.8
RTKMP;"Фьючерсный контракт на привилегированные акции ПАО ""Ростелеком""";0.03;1.8
RTS;Фьючерсный контракт на Индекс РТС;0.03;1.8
RTSM;Фьючерсный контракт на Индекс РТС (мини);0.03;1.8
RUAL;"Фьючерсный контракт на обыкновенные акции МКПАО ""ОК ""РУСАЛ""";0.03;1.8
RUON;Фьючерсный контракт на ставку RUONIA;0.0075;1.8
RUONIA;Фьючерсный контракт на Индекс RUONIA;0.03;1.8
RVI;Фьючерсный контракт на волатильность российского рынка;0.03;1.8
Samsung;Фьючерсный контракт на aкции Samsung Electronics Co Ltd;0.06;1.8
SAP;Фьючерсный контракт на американские депозитарные расписки на акции САП;0.07;1.8
SAUDI;Фьючерсный контракт на акции инвестиционного фонда MSCI Saudi Arabia ETF;0.03;1.8
SBERF;Однодневный фьючерсный контракт с автопр. на обыкн. акции ПАО Сбербанк;0.03;1.8
SBPR;Фьючерсный контракт на привилегированные акции ПАО Сбербанк;0.03;1.8
SBRF;Фьючерсный контракт на обыкновенные акции ПАО Сбербанк;0.03;1.8
SFIN;"Фьючерсный контракт на обыкновенные акции ПАО ""ЭсЭфАй""";0.03;1.8
SGZH;Фьючерсный контракт на обыкновенные акции ПАО “Сегежа Групп”;0.03;1.8
Si;на курс доллар США - российский рубль;0.03;1.8
SIBN;"Фьючерсный контракт на обыкновенные акции ПАО ""Газпром нефть""";0.03;1.8
SILV;Фьючерсный контракт на аффинированное серебро в слитках;1.0;1.8
SILVM;Фьючерсный контракт на серебро (мини);1.0;1.8
SL;Расчетный фьючерсный контракт на серебро;0.06;1.8
SLVRUBTOM;Однодневный фьючерсный контракт с автопролонгацией на серебро;0.06;1.8
SMLT;"Фьючерсный контракт на обыкновенные акции ПАО ""Группа компаний ""Самолет""";0.03;1.8
SNGP;"Фьючерсный контракт на привилегированные акции ПАО ""Сургутнефтегаз""";0.03;1.8
SNGR;"Фьючерсный контракт на обыкновенные акции ПАО ""Сургутнефтегаз""";0.03;1.8
SOFL;"Фьючерсный контракт на обыкновенные акции ПАО ""Софтлайн""";0.03;1.8
SOL;Фьючерсный контракт на Индекс МосБиржи Соланы;0.19;1.8
SONY;Фьючерсный контракт на АДР на акции Сони Груп Корпорейшен;0.08;1.8
SOXQ;Фьючерсный контракт на акции инвестиционного фонда SOXQ ETF;0.03;1.8
SPBE;"Фьючерсный контракт на обыкновенные акции ПАО ""СПБ Биржа""";0.03;1.8
SPYF;Фьючерсный контракт на инвестиционные паи SPY ETF Trust;1.0;1.8
STOX;Фьючерсный контракт на акции инвестиционного фонда Евро Стокс 50 ETF;0.04;1.8
SUGAR;Расчетный фьючерсный контракт на сахар;0.05;1.8
SUGR;Фьючерсный контракт на сахар-сырец;0.05;1.8
SVCB;"Фьючерсный контракт на обыкновенные акции ПАО ""Совкомбанк""";0.03;1.8
T;"Фьючерсный контракт на обыкновенные акции МКПАО ""Т-Технологии""";0.03;1.8
TATN;"Фьючерсный контракт на обыкновенные акции ПАО ""Татнефть"" им. В.Д. Шашина";0.03;1.8
TATP;Фьючерсный контракт на прив. акции ПАО «Татнефть» им. В.Д. Шашина;0.03;1.8
TCSI;"Фьючерсный контракт на обыкновенные акции МКПАО ""ТКС Холдинг""";0.03;1.8
TENCENT;Фьючерсный контракт на акции Тенсент Холдингс Лимитед;0.03;1.8
TLT;Фьючерсный контракт на акции инвестиционного фонда TLT ETF;0.03;1.8
TOYOTA;Фьючерсный контракт на АДР на акции Тойота Мотор Корпорейшн;0.06;1.8
TRNF;"Фьючерсный контракт на привилегированные акции ПАО ""Транснефть""";0.03;1.8
TRX;Фьючерсный контракт на Индекс МосБиржи Трона;0.15;1.8
TRY;на курс турецкая лира – российский рубль;0.03;1.8
TSM;Фьючерсный контракт на американские депозитарные расписки на акции TSMC;0.07;1.8
TTF;Фьючерсный контракт на природный газ Датч ТТФ;0.06;1.8
UCAD;на курс доллар США - канадский доллар;0.03;1.8
UCHF;на курс доллар США-швейцарский франк;0.03;1.8
UCNY;на курс доллар США – китайский юань;0.03;1.8
UINR;на курс доллар США – индийская рупия;0.03;1.8
UJPY;на курс доллар США – японская йена;0.03;1.8
UKZT;на курс доллар США - казахстанский тенге;0.03;1.8
UPRO;Фьючерсный контракт на обыкновенные акции ПАО «Юнипро»;0.03;1.8
USDM;на курс доллар США – российский рубль мини;0.03;1.8
USDRUBTOM;на курс доллар США - российский рубль;0.03;1.8
UTRY;на курс доллар США - турецкая лира;0.03;1.8
VKCO;"Фьючерсный контракт на обыкновенные акции МКПАО ""ВК""";0.03;1.8
VTBR;Фьючерсный контракт на обыкновенные акции Банк ВТБ (ПАО);0.03;1.8
WHEAT;Фьючерсный контракт на пшеницу;0.03;1.8
WTI;на нефть ВТИ;0.07;1.8
WUSH;"Фьючерсный контракт на обыкновенные акции ПАО ""ВУШ Холдинг""";0.03;1.8
X5;Фьючерсный контракт на обыкновенные акции ПАО «Корпоративный центр ИКС 5»;0.03;1.8
XIA;Фьючерсный контракт на акции Сяоми Корпорэйшн;0.03;1.8
XRP;Фьючерсный контракт на Индекс МосБиржи Рипла;0.215;1.8
YDEX;"Фьючерсный контракт на обыкновенные акции МКПАО ""ЯНДЕКС""";0.03;1.8
ZINC;Фьючерсный контракт на цинк;0.03;1.8
